<?xml version="1.0" encoding="UTF-8" standalone="yes"?>
<addon id="plugin.video.nratv"
	name="NRA TV"
	version="1.1.8"
	provider-name="misty">
  <requires>
    <import addon="xbmc.python" version="2.20.0"/>
	<import addon="script.module.addon.common" version="2.0.0"/>
    <import addon="plugin.video.youtube" version="5.0.0"/>
  </requires>
  <extension point="xbmc.python.pluginsource" library="default.py">
    <provides>video</provides>
  </extension>
  <extension point="xbmc.addon.metadata">
    <summary lang="en">NRA TV</summary>
    <description lang="en">NRA TV... The voice of the Second Amendment</description>
    <platform>all</platform>
  </extension>
</addon>
