<?xml version="1.0" encoding="UTF-8" standalone="yes"?>
<addon id="plugin.video.DigitalRevTV"
	name="Digital[COLOR red]Rev[/COLOR] TV"
	version="1.0.9"
	provider-name="misty">
  <requires>
    <import addon="xbmc.python" version="2.1.0"/>
	<import addon="script.module.addon.common" version="2.0.0"/>
    <import addon="plugin.video.youtube" version="5.0.0"/>
  </requires>
  <extension point="xbmc.python.pluginsource" library="default.py">
    <provides>video</provides>
  </extension>
  <extension point="xbmc.addon.metadata">
    <summary lang="en">DigitalRev TV</summary>
    <description lang="en">Awesome DigitalRev TV and Bokeh YouTube channels.</description>
    <platform>all</platform>
  </extension>
</addon>
