<?xml version="1.0" encoding="UTF-8" standalone="yes"?>
<addon id="plugin.video.bestofnhk" name="Best of NHK" version="1.0.42" provider-name="misty">
  <requires>
        <import addon="xbmc.python" version="2.20.0"/>
        <import addon="script.module.t0mm0.common" version="2.1.1"/>
	    <import addon="plugin.video.youtube" version="5.0.0"/>
  </requires>
  <extension point="xbmc.python.pluginsource" library="default.py">
        <provides>video</provides>
  </extension>
  <extension point="xbmc.addon.metadata">
  	    <platform>all</platform>
  	    <language></language>
        <summary>NHK World</summary>
        <description>Weird, fun, interesting documentaries from NHK World Japan. New shows daily.</description>
        <news>Ver. 1.0.42
              Best of NHK - 65th release
              Kodi 15.x is the minimum version for this add-on.
              Fix: NHK World Domestic Japan Live Stream
        </news>
  </extension>
</addon>