<?xml version="1.0" encoding="UTF-8" standalone="yes"?>
<addon id="plugin.video.xivetv" name="XiveTV" version="1.0.8" provider-name="misty">
  <requires>
        <import addon="xbmc.python" version="2.1.0"/>
        <import addon="script.module.addon.common" version="2.0.0"/>
        <import addon="plugin.video.youtube" version="5.0.0"/>
  </requires>
  <extension point="xbmc.python.pluginsource" library="default.py">
        <provides>video</provides>
  </extension>
  <extension point="xbmc.addon.metadata">
        <platform>all</platform>
        <language></language>
        <summary>XiveTV</summary>
        <description>The Official YouTube Channel of XiveTV. The largest free collection of high-quality documentary content on the planet!</description>
        <website>http://www.xivetv.com/</website>
  </extension>
</addon>
